{"v":"5.5.7","meta":{"g":"LottieFiles AE 0.1.21","a":"","k":"","d":"","tc":""},"fr":60,"ip":0,"op":122,"w":1475,"h":1475,"nm":"Comp 1","ddd":0,"assets":[],"layers":[{"ddd":0,"ind":1,"ty":3,"nm":"Null 2","sr":1,"ks":{"o":{"a":0,"k":0,"ix":11},"r":{"a":0,"k":0,"ix":10},"p":{"a":0,"k":[887.5,893.5,0],"ix":2},"a":{"a":0,"k":[0,0,0],"ix":1},"s":{"a":0,"k":[100,100,100],"ix":6}},"ao":0,"ip":0,"op":619,"st":0,"bm":0},{"ddd":0,"ind":2,"ty":4,"nm":"Shape Layer 5","parent":1,"sr":1,"ks":{"o":{"a":0,"k":100,"ix":11},"r":{"a":1,"k":[{"i":{"x":[0.27],"y":[1]},"o":{"x":[0.73],"y":[0]},"t":0,"s":[0]},{"i":{"x":[0.27],"y":[1]},"o":{"x":[0.73],"y":[0]},"t":30,"s":[90]},{"i":{"x":[0.27],"y":[1]},"o":{"x":[0.73],"y":[0]},"t":60,"s":[180]},{"i":{"x":[0.27],"y":[1]},"o":{"x":[0.73],"y":[0]},"t":90,"s":[270]},{"t":120,"s":[360]}],"ix":10},"p":{"a":1,"k":[{"i":{"x":0.27,"y":1},"o":{"x":0.73,"y":0},"t":0,"s":[-235.5,-67.5,0],"to":[0,0,0],"ti":[0,0,0]},{"i":{"x":0.27,"y":1},"o":{"x":0.73,"y":0},"t":30,"s":[-233.5,-263.5,0],"to":[0,0,0],"ti":[0,0,0]},{"i":{"x":0.27,"y":1},"o":{"x":0.73,"y":0},"t":60,"s":[-36.5,-263.5,0],"to":[0,0,0],"ti":[0,0,0]},{"i":{"x":0.27,"y":1},"o":{"x":0.73,"y":0},"t":90,"s":[-36.5,-67.5,0],"to":[0,0,0],"ti":[0,0,0]},{"t":120,"s":[-235.5,-67.5,0]}],"ix":2},"a":{"a":0,"k":[-32.5,-261.5,0],"ix":1},"s":{"a":0,"k":[100,100,100],"ix":6}},"ao":0,"shapes":[{"ty":"gr","it":[{"d":1,"ty":"el","s":{"a":0,"k":[40,40],"ix":2},"p":{"a":0,"k":[0,0],"ix":3},"nm":"Ellipse Path 1","mn":"ADBE Vector Shape - Ellipse","hd":false},{"ty":"st","c":{"a":0,"k":[0,0.212524010153,0.823529411765,1],"ix":3},"o":{"a":0,"k":100,"ix":4},"w":{"a":0,"k":0,"ix":5},"lc":1,"lj":1,"ml":4,"bm":0,"nm":"Stroke 1","mn":"ADBE Vector Graphic - Stroke","hd":false},{"ty":"fl","c":{"a":0,"k":[0.331226423675,0.636488850911,0.949019607843,1],"ix":4},"o":{"a":0,"k":100,"ix":5},"r":1,"bm":0,"nm":"Fill 1","mn":"ADBE Vector Graphic - Fill","hd":false},{"ty":"tr","p":{"a":0,"k":[-34.5,-260.5],"ix":2},"a":{"a":0,"k":[0,0],"ix":1},"s":{"a":0,"k":[100,100],"ix":3},"r":{"a":0,"k":0,"ix":6},"o":{"a":0,"k":100,"ix":7},"sk":{"a":0,"k":0,"ix":4},"sa":{"a":0,"k":0,"ix":5},"nm":"Transform"}],"nm":"Ellipse 1","np":3,"cix":2,"bm":0,"ix":1,"mn":"ADBE Vector Group","hd":false}],"ip":0,"op":620,"st":0,"bm":0},{"ddd":0,"ind":3,"ty":4,"nm":"Shape Layer 3","parent":1,"sr":1,"ks":{"o":{"a":0,"k":100,"ix":11},"r":{"a":1,"k":[{"i":{"x":[0.27],"y":[1]},"o":{"x":[0.73],"y":[0]},"t":0,"s":[0]},{"i":{"x":[0.27],"y":[1]},"o":{"x":[0.73],"y":[0]},"t":30,"s":[90]},{"i":{"x":[0.27],"y":[1]},"o":{"x":[0.73],"y":[0]},"t":60,"s":[180]},{"i":{"x":[0.27],"y":[1]},"o":{"x":[0.73],"y":[0]},"t":90,"s":[270]},{"t":120,"s":[360]}],"ix":10},"p":{"a":1,"k":[{"i":{"x":0.27,"y":1},"o":{"x":0.73,"y":0},"t":0,"s":[-233.5,-263.5,0],"to":[32.833,0,0],"ti":[0,0,0]},{"i":{"x":0.27,"y":1},"o":{"x":0.73,"y":0},"t":30,"s":[-36.5,-263.5,0],"to":[0,0,0],"ti":[0,0,0]},{"i":{"x":0.27,"y":1},"o":{"x":0.73,"y":0},"t":60,"s":[-36.5,-67.5,0],"to":[0,0,0],"ti":[0,0,0]},{"i":{"x":0.27,"y":1},"o":{"x":0.73,"y":0},"t":90,"s":[-235.5,-67.5,0],"to":[0,0,0],"ti":[-0.333,32.667,0]},{"t":120,"s":[-233.5,-263.5,0]}],"ix":2},"a":{"a":0,"k":[-419.5,-272.5,0],"ix":1},"s":{"a":0,"k":[100,100,100],"ix":6}},"ao":0,"shapes":[{"ty":"gr","it":[{"ty":"rc","d":1,"s":{"a":0,"k":[120,120],"ix":2},"p":{"a":0,"k":[0,0],"ix":3},"r":{"a":0,"k":0,"ix":4},"nm":"Rectangle Path 1","mn":"ADBE Vector Shape - Rect","hd":false},{"ty":"st","c":{"a":0,"k":[0.335902015836,0.38482800652,0.525489956725,1],"ix":3},"o":{"a":0,"k":100,"ix":4},"w":{"a":0,"k":0,"ix":5},"lc":1,"lj":1,"ml":4,"bm":0,"nm":"Stroke 1","mn":"ADBE Vector Graphic - Stroke","hd":false},{"ty":"fl","c":{"a":0,"k":[0.331226423675,0.636488850911,0.949019607843,1],"ix":4},"o":{"a":0,"k":100,"ix":5},"r":1,"bm":0,"nm":"Fill 1","mn":"ADBE Vector Graphic - Fill","hd":false},{"ty":"tr","p":{"a":0,"k":[-419.5,-272.5],"ix":2},"a":{"a":0,"k":[0,0],"ix":1},"s":{"a":0,"k":[100,100],"ix":3},"r":{"a":0,"k":0,"ix":6},"o":{"a":0,"k":100,"ix":7},"sk":{"a":0,"k":0,"ix":4},"sa":{"a":0,"k":0,"ix":5},"nm":"Transform"}],"nm":"Rectangle 1","np":3,"cix":2,"bm":0,"ix":1,"mn":"ADBE Vector Group","hd":false}],"ip":0,"op":620,"st":0,"bm":0},{"ddd":0,"ind":4,"ty":4,"nm":"Shape Layer 4","parent":1,"sr":1,"ks":{"o":{"a":0,"k":100,"ix":11},"r":{"a":1,"k":[{"i":{"x":[0.27],"y":[1]},"o":{"x":[0.73],"y":[0]},"t":0,"s":[0]},{"i":{"x":[0.27],"y":[1]},"o":{"x":[0.73],"y":[0]},"t":30,"s":[90]},{"i":{"x":[0.27],"y":[1]},"o":{"x":[0.73],"y":[0]},"t":60,"s":[180]},{"i":{"x":[0.27],"y":[1]},"o":{"x":[0.73],"y":[0]},"t":90,"s":[270]},{"t":120,"s":[360]}],"ix":10},"p":{"a":1,"k":[{"i":{"x":0.27,"y":1},"o":{"x":0.73,"y":0},"t":0,"s":[-36.5,-67.5,0],"to":[0,0,0],"ti":[0,0,0]},{"i":{"x":0.27,"y":1},"o":{"x":0.73,"y":0},"t":30,"s":[-235.5,-67.5,0],"to":[0,0,0],"ti":[0,0,0]},{"i":{"x":0.27,"y":1},"o":{"x":0.73,"y":0},"t":60,"s":[-233.5,-263.5,0],"to":[0,0,0],"ti":[0,0,0]},{"i":{"x":0.27,"y":1},"o":{"x":0.73,"y":0},"t":90,"s":[-36.5,-263.5,0],"to":[0,0,0],"ti":[0,0,0]},{"t":120,"s":[-36.5,-67.5,0]}],"ix":2},"a":{"a":0,"k":[-419.5,-272.5,0],"ix":1},"s":{"a":0,"k":[100,100,100],"ix":6}},"ao":0,"shapes":[{"ty":"gr","it":[{"ty":"rc","d":1,"s":{"a":0,"k":[120,120],"ix":2},"p":{"a":0,"k":[0,0],"ix":3},"r":{"a":0,"k":0,"ix":4},"nm":"Rectangle Path 1","mn":"ADBE Vector Shape - Rect","hd":false},{"ty":"st","c":{"a":0,"k":[0.335902015836,0.38482800652,0.525489956725,1],"ix":3},"o":{"a":0,"k":100,"ix":4},"w":{"a":0,"k":0,"ix":5},"lc":1,"lj":1,"ml":4,"bm":0,"nm":"Stroke 1","mn":"ADBE Vector Graphic - Stroke","hd":false},{"ty":"fl","c":{"a":0,"k":[0.331226423675,0.636488850911,0.949019607843,1],"ix":4},"o":{"a":0,"k":100,"ix":5},"r":1,"bm":0,"nm":"Fill 1","mn":"ADBE Vector Graphic - Fill","hd":false},{"ty":"tr","p":{"a":0,"k":[-419.5,-272.5],"ix":2},"a":{"a":0,"k":[0,0],"ix":1},"s":{"a":0,"k":[100,100],"ix":3},"r":{"a":0,"k":0,"ix":6},"o":{"a":0,"k":100,"ix":7},"sk":{"a":0,"k":0,"ix":4},"sa":{"a":0,"k":0,"ix":5},"nm":"Transform"}],"nm":"Rectangle 1","np":3,"cix":2,"bm":0,"ix":1,"mn":"ADBE Vector Group","hd":false}],"ip":0,"op":620,"st":0,"bm":0},{"ddd":0,"ind":5,"ty":4,"nm":"Shape Layer 1","parent":1,"sr":1,"ks":{"o":{"a":0,"k":100,"ix":11},"r":{"a":1,"k":[{"i":{"x":[0.27],"y":[1]},"o":{"x":[0.73],"y":[0]},"t":0,"s":[0]},{"i":{"x":[0.27],"y":[1]},"o":{"x":[0.73],"y":[0]},"t":30,"s":[90]},{"i":{"x":[0.27],"y":[1]},"o":{"x":[0.73],"y":[0]},"t":60,"s":[180]},{"i":{"x":[0.27],"y":[1]},"o":{"x":[0.73],"y":[0]},"t":90,"s":[270]},{"t":120,"s":[360]}],"ix":10},"p":{"a":1,"k":[{"i":{"x":0.27,"y":1},"o":{"x":0.73,"y":0},"t":0,"s":[-36.5,-263.5,0],"to":[0,0,0],"ti":[0,0,0]},{"i":{"x":0.27,"y":1},"o":{"x":0.73,"y":0},"t":30,"s":[-36.5,-67.5,0],"to":[0,0,0],"ti":[0,0,0]},{"i":{"x":0.27,"y":1},"o":{"x":0.73,"y":0},"t":60,"s":[-235.5,-67.5,0],"to":[0,0,0],"ti":[0,0,0]},{"i":{"x":0.27,"y":1},"o":{"x":0.73,"y":0},"t":90,"s":[-233.5,-263.5,0],"to":[0,0,0],"ti":[0,0,0]},{"t":120,"s":[-36.5,-263.5,0]}],"ix":2},"a":{"a":0,"k":[-419.5,-272.5,0],"ix":1},"s":{"a":0,"k":[100,100,100],"ix":6}},"ao":0,"shapes":[{"ty":"gr","it":[{"ty":"rc","d":1,"s":{"a":0,"k":[120,120],"ix":2},"p":{"a":0,"k":[0,0],"ix":3},"r":{"a":0,"k":0,"ix":4},"nm":"Rectangle Path 1","mn":"ADBE Vector Shape - Rect","hd":false},{"ty":"st","c":{"a":0,"k":[0.335902015836,0.38482800652,0.525489956725,1],"ix":3},"o":{"a":0,"k":100,"ix":4},"w":{"a":0,"k":0,"ix":5},"lc":1,"lj":1,"ml":4,"bm":0,"nm":"Stroke 1","mn":"ADBE Vector Graphic - Stroke","hd":false},{"ty":"fl","c":{"a":0,"k":[0.331226423675,0.636488850911,0.949019607843,1],"ix":4},"o":{"a":0,"k":100,"ix":5},"r":1,"bm":0,"nm":"Fill 1","mn":"ADBE Vector Graphic - Fill","hd":false},{"ty":"tr","p":{"a":0,"k":[-419.5,-272.5],"ix":2},"a":{"a":0,"k":[0,0],"ix":1},"s":{"a":0,"k":[100,100],"ix":3},"r":{"a":0,"k":0,"ix":6},"o":{"a":0,"k":100,"ix":7},"sk":{"a":0,"k":0,"ix":4},"sa":{"a":0,"k":0,"ix":5},"nm":"Transform"}],"nm":"Rectangle 1","np":3,"cix":2,"bm":0,"ix":1,"mn":"ADBE Vector Group","hd":false}],"ip":0,"op":620,"st":0,"bm":0}],"markers":[]}