{"name":"_dll_vendor","content":{"./node_modules/_webpack@3.12.0@webpack/buildin/global.js":{"id":0,"meta":{}},"./node_modules/_process@0.11.10@process/browser.js":{"id":1,"meta":{}},"./node_modules/_vue@2.6.14@vue/dist/vue.runtime.esm.js":{"id":3,"meta":{"harmonyModule":true},"exports":["default"]},"./node_modules/_timers-browserify@2.0.12@timers-browserify/main.js":{"id":4,"meta":{}},"./node_modules/_setimmediate@1.0.5@setimmediate/setImmediate.js":{"id":5,"meta":{}},"./node_modules/_falcon-vue-render@1.0.39@falcon-vue-render/dist/index.common.js":{"id":6,"meta":{}},"./node_modules/_phantom-limb@0.0.1@phantom-limb/index.js":{"id":7,"meta":{}}}}